{"cameraMode":{"drawMode":0,"name":"Shaded","section":"Shading Mode"},"sceneLighting":false,"audioPlay":false,"sceneViewState":{"m_AlwaysRefresh":false,"showFog":true,"showSkybox":false,"showFlares":true,"showImageEffects":true,"showParticleSystems":true,"showVisualEffectGraphs":true,"m_FxEnabled":true},"in2DMode":false,"pivot":{"x":0.026241302490234376,"y":0.17791494727134705,"z":-0.08560752868652344},"rotation":{"x":-0.16836601495742799,"y":0.7406520843505859,"z":-0.20164267718791963,"w":-0.6184149980545044},"size":21.37246322631836,"orthographic":false}